{
"instructions_readme": "1) Open Chrome, 2) go to chrome://tracing, 3) click Load, 4) navigate to this file.",

"traceEvents":[
{ "pid": 1, "tid": 1, "ph": "M", "name": "thread_name", "args": { "name": "" } },
{ "pid": 1, "tid": 1, "ts": 661.0000133514404, "dur": 10403785.15625, "ph": "X", "name": "il2cpp.exe", "args": { "durationMS": 10403.78515625, "detail": "" } },
{ "pid": 1, "tid": 1, "ts": 12822.400093078613, "dur": 10391565.4296875, "ph": "X", "name": "ConvertAssemblies", "args": { "durationMS": 10391.5654296875, "detail": "" } },
{ "pid": 1, "tid": 1, "ts": 43142.799377441406, "dur": 132358.50524902344, "ph": "X", "name": "Collect assemblies to convert", "args": { "durationMS": 132.35850524902344, "detail": "" } },
{ "pid": 1, "tid": 1, "ts": 175970.19958496094, "dur": 71368.30139160156, "ph": "X", "name": "RegisterCorlib", "args": { "durationMS": 71.36830139160156, "detail": "" } },
{ "pid": 1, "tid": 1, "ts": 247593.49060058594, "dur": 51131.099700927734, "ph": "X", "name": "PreProcessIL", "args": { "durationMS": 51.131099700927734, "detail": "" } },
{ "pid": 1, "tid": 1, "ts": 247593.59741210938, "dur": 23421.100616455078, "ph": "X", "name": "Inject base types and finalizers into COM and Windows Runtime types", "args": { "durationMS": 23.421100616455078, "detail": "" } },
{ "pid": 1, "tid": 1, "ts": 248279.9072265625, "dur": 21248.098373413086, "ph": "X", "name": "ModifyCOMAndWindowsRuntimeTypes in assembly", "args": { "durationMS": 21.248098373413086, "detail": "mscorlib" } },
{ "pid": 1, "tid": 1, "ts": 270171.38671875, "dur": 659.3000292778015, "ph": "X", "name": "ModifyCOMAndWindowsRuntimeTypes in assembly", "args": { "durationMS": 0.6593000292778015, "detail": "UnityEngine.UI" } },
{ "pid": 1, "tid": 1, "ts": 271014.8010253906, "dur": 27709.501266479492, "ph": "X", "name": "ApplyDefaultMarshalAsAttribute", "args": { "durationMS": 27.709501266479492, "detail": "" } },
{ "pid": 1, "tid": 1, "ts": 271261.9934082031, "dur": 19583.499908447266, "ph": "X", "name": "ApplyDefaultMarshalAsAttributeVisitor in assembly", "args": { "durationMS": 19.583499908447266, "detail": "mscorlib" } },
{ "pid": 1, "tid": 1, "ts": 290898.8952636719, "dur": 2438.199996948242, "ph": "X", "name": "ApplyDefaultMarshalAsAttributeVisitor in assembly", "args": { "durationMS": 2.438199996948242, "detail": "System" } },
{ "pid": 1, "tid": 1, "ts": 293519.59228515625, "dur": 1478.5000085830688, "ph": "X", "name": "ApplyDefaultMarshalAsAttributeVisitor in assembly", "args": { "durationMS": 1.4785000085830688, "detail": "UnityEngine.CoreModule" } },
{ "pid": 1, "tid": 1, "ts": 295928.8024902344, "dur": 1278.2000303268433, "ph": "X", "name": "ApplyDefaultMarshalAsAttributeVisitor in assembly", "args": { "durationMS": 1.2782000303268433, "detail": "UnityEngine.UI" } },
{ "pid": 1, "tid": 1, "ts": 297207.3059082031, "dur": 1438.3000135421753, "ph": "X", "name": "ApplyDefaultMarshalAsAttributeVisitor in assembly", "args": { "durationMS": 1.4383000135421753, "detail": "Unity.TextMeshPro" } },
{ "pid": 1, "tid": 1, "ts": 298852.8747558594, "dur": 5556.099891662598, "ph": "X", "name": "WriteResources", "args": { "durationMS": 5.556099891662598, "detail": "" } },
{ "pid": 1, "tid": 1, "ts": 304597.71728515625, "dur": 712054.8095703125, "ph": "X", "name": "CopyEtcFolder", "args": { "durationMS": 712.0548095703125, "detail": "" } },
{ "pid": 1, "tid": 1, "ts": 1017632.6904296875, "dur": 115195.80078125, "ph": "X", "name": "PreProcessStage", "args": { "durationMS": 115.19580078125, "detail": "" } },
{ "pid": 1, "tid": 1, "ts": 1135993.65234375, "dur": 1373.4999895095825, "ph": "X", "name": "Debugger Sequence Points", "args": { "durationMS": 1.3734999895095825, "detail": "" } },
{ "pid": 1, "tid": 1, "ts": 1138323.486328125, "dur": 432801.26953125, "ph": "X", "name": "Generics Collection", "args": { "durationMS": 432.80126953125, "detail": "" } },
{ "pid": 1, "tid": 1, "ts": 1138323.6083984375, "dur": 393679.9011230469, "ph": "X", "name": "GenericsCollector.Collect", "args": { "durationMS": 393.6799011230469, "detail": "" } },
{ "pid": 1, "tid": 1, "ts": 1139158.0810546875, "dur": 18268.701553344727, "ph": "X", "name": "GenericCodeFlowGraphCollector.Collect", "args": { "durationMS": 18.268701553344727, "detail": "" } },
{ "pid": 1, "tid": 1, "ts": 1139158.203125, "dur": 17783.000946044922, "ph": "X", "name": "GenericCodeFlowGraphCollector.GetTypesAndMethodsForAnalysis", "args": { "durationMS": 17.783000946044922, "detail": "" } },
{ "pid": 1, "tid": 1, "ts": 1532004.150390625, "dur": 37317.60025024414, "ph": "X", "name": "CollectGenericVirtualMethods.Collect", "args": { "durationMS": 37.31760025024414, "detail": "" } },
{ "pid": 1, "tid": 1, "ts": 1569322.021484375, "dur": 1461.300015449524, "ph": "X", "name": "AddExtraTypes", "args": { "durationMS": 1.461300015449524, "detail": "" } },
{ "pid": 1, "tid": 1, "ts": 1571125.244140625, "dur": 1278.5999774932861, "ph": "X", "name": "Add Windows Runtime type names", "args": { "durationMS": 1.2785999774932861, "detail": "" } },
{ "pid": 1, "tid": 1, "ts": 1573438.3544921875, "dur": 5121300.29296875, "ph": "X", "name": "AllAssemblyConversion", "args": { "durationMS": 5121.30029296875, "detail": "" } },
{ "pid": 1, "tid": 1, "ts": 1574083.1298828125, "dur": 2987658.935546875, "ph": "X", "name": "Convert assembly non-generic methods", "args": { "durationMS": 2987.658935546875, "detail": "mscorlib" } },
{ "pid": 1, "tid": 1, "ts": 4561749.51171875, "dur": 9211.099624633789, "ph": "X", "name": "Convert assembly non-generic methods", "args": { "durationMS": 9.211099624633789, "detail": "System.Configuration" } },
{ "pid": 1, "tid": 1, "ts": 4570963.37890625, "dur": 12421.799659729004, "ph": "X", "name": "Convert assembly non-generic methods", "args": { "durationMS": 12.421799659729004, "detail": "Mono.Security" } },
{ "pid": 1, "tid": 1, "ts": 4583389.6484375, "dur": 5319.099903106689, "ph": "X", "name": "Convert assembly non-generic methods", "args": { "durationMS": 5.3190999031066895, "detail": "System.Xml" } },
{ "pid": 1, "tid": 1, "ts": 4588712.890625, "dur": 231697.509765625, "ph": "X", "name": "Convert assembly non-generic methods", "args": { "durationMS": 231.697509765625, "detail": "System" } },
{ "pid": 1, "tid": 1, "ts": 4820413.57421875, "dur": 5993.599891662598, "ph": "X", "name": "Convert assembly non-generic methods", "args": { "durationMS": 5.993599891662598, "detail": "System.Core" } },
{ "pid": 1, "tid": 1, "ts": 4826409.66796875, "dur": 13241.299629211426, "ph": "X", "name": "Convert assembly non-generic methods", "args": { "durationMS": 13.241299629211426, "detail": "UnityEngine.SharedInternalsModule" } },
{ "pid": 1, "tid": 1, "ts": 4839654.78515625, "dur": 200602.38647460938, "ph": "X", "name": "Convert assembly non-generic methods", "args": { "durationMS": 200.60238647460938, "detail": "UnityEngine.CoreModule" } },
{ "pid": 1, "tid": 1, "ts": 5040260.25390625, "dur": 5158.500194549561, "ph": "X", "name": "Convert assembly non-generic methods", "args": { "durationMS": 5.1585001945495605, "detail": "UnityEngine.GridModule" } },
{ "pid": 1, "tid": 1, "ts": 5045421.38671875, "dur": 11614.299774169922, "ph": "X", "name": "Convert assembly non-generic methods", "args": { "durationMS": 11.614299774169922, "detail": "UnityEngine.InputLegacyModule" } },
{ "pid": 1, "tid": 1, "ts": 5057039.0625, "dur": 13847.900390625, "ph": "X", "name": "Convert assembly non-generic methods", "args": { "durationMS": 13.847900390625, "detail": "UnityEngine.Physics2DModule" } },
{ "pid": 1, "tid": 1, "ts": 5070890.625, "dur": 20218.399047851562, "ph": "X", "name": "Convert assembly non-generic methods", "args": { "durationMS": 20.218399047851562, "detail": "UnityEngine.TextRenderingModule" } },
{ "pid": 1, "tid": 1, "ts": 5091112.79296875, "dur": 23517.99964904785, "ph": "X", "name": "Convert assembly non-generic methods", "args": { "durationMS": 23.51799964904785, "detail": "UnityEngine.AnimationModule" } },
{ "pid": 1, "tid": 1, "ts": 5114635.25390625, "dur": 42962.69989013672, "ph": "X", "name": "Convert assembly non-generic methods", "args": { "durationMS": 42.96269989013672, "detail": "UnityEngine.IMGUIModule" } },
{ "pid": 1, "tid": 1, "ts": 5157603.515625, "dur": 12930.700302124023, "ph": "X", "name": "Convert assembly non-generic methods", "args": { "durationMS": 12.930700302124023, "detail": "UnityEngine.PhysicsModule" } },
{ "pid": 1, "tid": 1, "ts": 5170537.109375, "dur": 5471.000194549561, "ph": "X", "name": "Convert assembly non-generic methods", "args": { "durationMS": 5.4710001945495605, "detail": "UnityEngine.SpriteShapeModule" } },
{ "pid": 1, "tid": 1, "ts": 5176011.23046875, "dur": 4970.600128173828, "ph": "X", "name": "Convert assembly non-generic methods", "args": { "durationMS": 4.970600128173828, "detail": "UnityEngine.TilemapModule" } },
{ "pid": 1, "tid": 1, "ts": 5180983.88671875, "dur": 19346.399307250977, "ph": "X", "name": "Convert assembly non-generic methods", "args": { "durationMS": 19.346399307250977, "detail": "UnityEngine.UIModule" } },
{ "pid": 1, "tid": 1, "ts": 5200333.49609375, "dur": 10111.800193786621, "ph": "X", "name": "Convert assembly non-generic methods", "args": { "durationMS": 10.111800193786621, "detail": "UnityEngine.AudioModule" } },
{ "pid": 1, "tid": 1, "ts": 5210447.265625, "dur": 39288.0973815918, "ph": "X", "name": "Convert assembly non-generic methods", "args": { "durationMS": 39.2880973815918, "detail": "UnityEngine.GameCenterModule" } },
{ "pid": 1, "tid": 1, "ts": 5249739.74609375, "dur": 10244.400024414062, "ph": "X", "name": "Convert assembly non-generic methods", "args": { "durationMS": 10.244400024414062, "detail": "UnityEngine.ParticleSystemModule" } },
{ "pid": 1, "tid": 1, "ts": 5259988.28125, "dur": 19417.699813842773, "ph": "X", "name": "Convert assembly non-generic methods", "args": { "durationMS": 19.417699813842773, "detail": "UnityEngine.TextCoreModule" } },
{ "pid": 1, "tid": 1, "ts": 5279409.66796875, "dur": 413823.2116699219, "ph": "X", "name": "Convert assembly non-generic methods", "args": { "durationMS": 413.8232116699219, "detail": "UnityEngine.UI" } },
{ "pid": 1, "tid": 1, "ts": 5693235.3515625, "dur": 960743.7133789062, "ph": "X", "name": "Convert assembly non-generic methods", "args": { "durationMS": 960.7437133789062, "detail": "Unity.TextMeshPro" } },
{ "pid": 1, "tid": 1, "ts": 6653983.3984375, "dur": 6045.300006866455, "ph": "X", "name": "Convert assembly non-generic methods", "args": { "durationMS": 6.045300006866455, "detail": "UnityEngine" } },
{ "pid": 1, "tid": 1, "ts": 6660034.1796875, "dur": 34700.199127197266, "ph": "X", "name": "Convert assembly non-generic methods", "args": { "durationMS": 34.700199127197266, "detail": "Assembly-CSharp" } },
{ "pid": 1, "tid": 1, "ts": 6694994.140625, "dur": 1733995.7275390625, "ph": "X", "name": "WriteGenerics", "args": { "durationMS": 1733.9957275390625, "detail": "" } },
{ "pid": 1, "tid": 1, "ts": 6696578.125, "dur": 405593.3837890625, "ph": "X", "name": "GenericInstanceMethods", "args": { "durationMS": 405.5933837890625, "detail": "" } },
{ "pid": 1, "tid": 1, "ts": 7102172.36328125, "dur": 1203873.6572265625, "ph": "X", "name": "GenericInstanceTypes", "args": { "durationMS": 1203.8736572265625, "detail": "" } },
{ "pid": 1, "tid": 1, "ts": 8306226.5625, "dur": 122752.79235839844, "ph": "X", "name": "GenericComDefinitions", "args": { "durationMS": 122.75279235839844, "detail": "" } },
{ "pid": 1, "tid": 1, "ts": 8429466.796875, "dur": 988.4999990463257, "ph": "X", "name": "Executable Processing", "args": { "durationMS": 0.9884999990463257, "detail": "" } },
{ "pid": 1, "tid": 1, "ts": 8430875, "dur": 172025.8026123047, "ph": "X", "name": "MetadataCollector", "args": { "durationMS": 172.0258026123047, "detail": "" } },
{ "pid": 1, "tid": 1, "ts": 8432877.9296875, "dur": 12096.500396728516, "ph": "X", "name": "UpdateEmptyTokens", "args": { "durationMS": 12.096500396728516, "detail": "" } },
{ "pid": 1, "tid": 1, "ts": 8446593.75, "dur": 9975.700378417969, "ph": "X", "name": "ValidateTokens", "args": { "durationMS": 9.975700378417969, "detail": "" } },
{ "pid": 1, "tid": 1, "ts": 8603532.2265625, "dur": 1434.5999956130981, "ph": "X", "name": "Write COM Callable Wrappers", "args": { "durationMS": 1.4345999956130981, "detail": "" } },
{ "pid": 1, "tid": 1, "ts": 8605139.6484375, "dur": 741.6999936103821, "ph": "X", "name": "Write Windows Runtime Factories", "args": { "durationMS": 0.7416999936103821, "detail": "" } },
{ "pid": 1, "tid": 1, "ts": 8606450.1953125, "dur": 1796087.158203125, "ph": "X", "name": "Metadata", "args": { "durationMS": 1796.087158203125, "detail": "Global" } },
{ "pid": 1, "tid": 1, "ts": 8637520.5078125, "dur": 297303.28369140625, "ph": "X", "name": "Il2CppAttributes.cpp", "args": { "durationMS": 297.30328369140625, "detail": "" } },
{ "pid": 1, "tid": 1, "ts": 8997427.734375, "dur": 36408.599853515625, "ph": "X", "name": "UnresolvedVirtualCallStubs.cpp", "args": { "durationMS": 36.408599853515625, "detail": "" } },
{ "pid": 1, "tid": 1, "ts": 9035365.234375, "dur": 643163.818359375, "ph": "X", "name": "WriteCodeRegistration", "args": { "durationMS": 643.163818359375, "detail": "" } },
{ "pid": 1, "tid": 1, "ts": 9035397.4609375, "dur": 216459.3963623047, "ph": "X", "name": "mscorlib_CodeGen.c", "args": { "durationMS": 216.4593963623047, "detail": "" } },
{ "pid": 1, "tid": 1, "ts": 9100444.3359375, "dur": 11102.299690246582, "ph": "X", "name": "GenericContextCollector", "args": { "durationMS": 11.102299690246582, "detail": "Collect" } },
{ "pid": 1, "tid": 1, "ts": 9251879.8828125, "dur": 7286.399841308594, "ph": "X", "name": "System.Configuration_CodeGen.c", "args": { "durationMS": 7.286399841308594, "detail": "" } },
{ "pid": 1, "tid": 1, "ts": 9259195.3125, "dur": 7212.9998207092285, "ph": "X", "name": "Mono.Security_CodeGen.c", "args": { "durationMS": 7.2129998207092285, "detail": "" } },
{ "pid": 1, "tid": 1, "ts": 9266436.5234375, "dur": 7281.599998474121, "ph": "X", "name": "System.Xml_CodeGen.c", "args": { "durationMS": 7.281599998474121, "detail": "" } },
{ "pid": 1, "tid": 1, "ts": 9273747.0703125, "dur": 10847.999572753906, "ph": "X", "name": "System_CodeGen.c", "args": { "durationMS": 10.847999572753906, "detail": "" } },
{ "pid": 1, "tid": 1, "ts": 9284618.1640625, "dur": 7066.199779510498, "ph": "X", "name": "System.Core_CodeGen.c", "args": { "durationMS": 7.066199779510498, "detail": "" } },
{ "pid": 1, "tid": 1, "ts": 9291706.0546875, "dur": 6817.500114440918, "ph": "X", "name": "UnityEngine.SharedInternalsModule_CodeGen.c", "args": { "durationMS": 6.817500114440918, "detail": "" } },
{ "pid": 1, "tid": 1, "ts": 9298546.875, "dur": 13073.599815368652, "ph": "X", "name": "UnityEngine.CoreModule_CodeGen.c", "args": { "durationMS": 13.073599815368652, "detail": "" } },
{ "pid": 1, "tid": 1, "ts": 9311651.3671875, "dur": 4696.800231933594, "ph": "X", "name": "UnityEngine.GridModule_CodeGen.c", "args": { "durationMS": 4.696800231933594, "detail": "" } },
{ "pid": 1, "tid": 1, "ts": 9316363.28125, "dur": 6240.900039672852, "ph": "X", "name": "UnityEngine.InputLegacyModule_CodeGen.c", "args": { "durationMS": 6.240900039672852, "detail": "" } },
{ "pid": 1, "tid": 1, "ts": 9322625.9765625, "dur": 7741.8999671936035, "ph": "X", "name": "UnityEngine.Physics2DModule_CodeGen.c", "args": { "durationMS": 7.7418999671936035, "detail": "" } },
{ "pid": 1, "tid": 1, "ts": 9330438.4765625, "dur": 6279.600143432617, "ph": "X", "name": "UnityEngine.TextRenderingModule_CodeGen.c", "args": { "durationMS": 6.279600143432617, "detail": "" } },
{ "pid": 1, "tid": 1, "ts": 9336734.375, "dur": 6074.900150299072, "ph": "X", "name": "UnityEngine.AnimationModule_CodeGen.c", "args": { "durationMS": 6.074900150299072, "detail": "" } },
{ "pid": 1, "tid": 1, "ts": 9342828.125, "dur": 7538.400173187256, "ph": "X", "name": "UnityEngine.IMGUIModule_CodeGen.c", "args": { "durationMS": 7.538400173187256, "detail": "" } },
{ "pid": 1, "tid": 1, "ts": 9350384.765625, "dur": 6800.099849700928, "ph": "X", "name": "UnityEngine.PhysicsModule_CodeGen.c", "args": { "durationMS": 6.800099849700928, "detail": "" } },
{ "pid": 1, "tid": 1, "ts": 9357205.078125, "dur": 4446.499824523926, "ph": "X", "name": "UnityEngine.SpriteShapeModule_CodeGen.c", "args": { "durationMS": 4.446499824523926, "detail": "" } },
{ "pid": 1, "tid": 1, "ts": 9361666.9921875, "dur": 38471.00067138672, "ph": "X", "name": "UnityEngine.TilemapModule_CodeGen.c", "args": { "durationMS": 38.47100067138672, "detail": "" } },
{ "pid": 1, "tid": 1, "ts": 9400166.9921875, "dur": 6287.600040435791, "ph": "X", "name": "UnityEngine.UIModule_CodeGen.c", "args": { "durationMS": 6.287600040435791, "detail": "" } },
{ "pid": 1, "tid": 1, "ts": 9406470.703125, "dur": 5621.099948883057, "ph": "X", "name": "UnityEngine.AudioModule_CodeGen.c", "args": { "durationMS": 5.621099948883057, "detail": "" } },
{ "pid": 1, "tid": 1, "ts": 9412108.3984375, "dur": 7314.700126647949, "ph": "X", "name": "UnityEngine.GameCenterModule_CodeGen.c", "args": { "durationMS": 7.314700126647949, "detail": "" } },
{ "pid": 1, "tid": 1, "ts": 9419436.5234375, "dur": 5791.600227355957, "ph": "X", "name": "UnityEngine.ParticleSystemModule_CodeGen.c", "args": { "durationMS": 5.791600227355957, "detail": "" } },
{ "pid": 1, "tid": 1, "ts": 9425248.046875, "dur": 6315.700054168701, "ph": "X", "name": "UnityEngine.TextCoreModule_CodeGen.c", "args": { "durationMS": 6.315700054168701, "detail": "" } },
{ "pid": 1, "tid": 1, "ts": 9431579.1015625, "dur": 12578.100204467773, "ph": "X", "name": "UnityEngine.UI_CodeGen.c", "args": { "durationMS": 12.578100204467773, "detail": "" } },
{ "pid": 1, "tid": 1, "ts": 9444178.7109375, "dur": 13946.000099182129, "ph": "X", "name": "Unity.TextMeshPro_CodeGen.c", "args": { "durationMS": 13.946000099182129, "detail": "" } },
{ "pid": 1, "tid": 1, "ts": 9458150.390625, "dur": 4841.700077056885, "ph": "X", "name": "UnityEngine_CodeGen.c", "args": { "durationMS": 4.841700077056885, "detail": "" } },
{ "pid": 1, "tid": 1, "ts": 9463009.765625, "dur": 16521.20018005371, "ph": "X", "name": "Assembly-CSharp_CodeGen.c", "args": { "durationMS": 16.52120018005371, "detail": "" } },
{ "pid": 1, "tid": 1, "ts": 9480470.703125, "dur": 5365.600109100342, "ph": "X", "name": "Il2CppReversePInvokeWrapperTable.cpp", "args": { "durationMS": 5.365600109100342, "detail": "" } },
{ "pid": 1, "tid": 1, "ts": 9486041.015625, "dur": 43015.39993286133, "ph": "X", "name": "Il2CppGenericMethodPointerTable.cpp", "args": { "durationMS": 43.01539993286133, "detail": "" } },
{ "pid": 1, "tid": 1, "ts": 9529259.765625, "dur": 125785.70556640625, "ph": "X", "name": "Il2CppInvokerTable.cpp", "args": { "durationMS": 125.78570556640625, "detail": "" } },
{ "pid": 1, "tid": 1, "ts": 9655847.65625, "dur": 12729.700088500977, "ph": "X", "name": "Il2CppInteropDataTable.cpp", "args": { "durationMS": 12.729700088500977, "detail": "" } },
{ "pid": 1, "tid": 1, "ts": 9672109.375, "dur": 6416.399955749512, "ph": "X", "name": "Il2CppCodeRegistration.cpp", "args": { "durationMS": 6.416399955749512, "detail": "" } },
{ "pid": 1, "tid": 1, "ts": 9678528.3203125, "dur": 724008.1787109375, "ph": "X", "name": "WriteMetadata", "args": { "durationMS": 724.0081787109375, "detail": "" } },
{ "pid": 1, "tid": 1, "ts": 9688318.359375, "dur": 91219.69604492188, "ph": "X", "name": "Il2CppMetadataUsage.c", "args": { "durationMS": 91.21969604492188, "detail": "" } },
{ "pid": 1, "tid": 1, "ts": 9724282.2265625, "dur": 2284.3000888824463, "ph": "X", "name": "Metadata", "args": { "durationMS": 2.2843000888824463, "detail": "Collect string literals" } },
{ "pid": 1, "tid": 1, "ts": 9787168.9453125, "dur": 13514.800071716309, "ph": "X", "name": "Il2CppGenericClassTable.c", "args": { "durationMS": 13.514800071716309, "detail": "" } },
{ "pid": 1, "tid": 1, "ts": 9800699.21875, "dur": 13960.000038146973, "ph": "X", "name": "Il2CppGenericInstDefinitions.c", "args": { "durationMS": 13.960000038146973, "detail": "" } },
{ "pid": 1, "tid": 1, "ts": 9814670.8984375, "dur": 126236.19842529297, "ph": "X", "name": "Il2CppGenericMethodTable.c", "args": { "durationMS": 126.23619842529297, "detail": "" } },
{ "pid": 1, "tid": 1, "ts": 9940922.8515625, "dur": 42329.1015625, "ph": "X", "name": "Il2CppTypeDefinitions.c", "args": { "durationMS": 42.3291015625, "detail": "" } },
{ "pid": 1, "tid": 1, "ts": 9983264.6484375, "dur": 24863.59977722168, "ph": "X", "name": "Il2CppGenericMethodDefinitions.c", "args": { "durationMS": 24.86359977722168, "detail": "" } },
{ "pid": 1, "tid": 1, "ts": 10008128.90625, "dur": 283175.59814453125, "ph": "X", "name": "CompilerCalculateTypeValues", "args": { "durationMS": 283.17559814453125, "detail": "" } },
{ "pid": 1, "tid": 1, "ts": 10291322.265625, "dur": 7909.200191497803, "ph": "X", "name": "Il2CppMetadataRegistration.c", "args": { "durationMS": 7.909200191497803, "detail": "" } },
{ "pid": 1, "tid": 1, "ts": 10299484.375, "dur": 24253.599166870117, "ph": "X", "name": "StringLiteralWriter", "args": { "durationMS": 24.253599166870117, "detail": "" } },
{ "pid": 1, "tid": 1, "ts": 10323956.0546875, "dur": 831.3000202178955, "ph": "X", "name": "Metadata Strings", "args": { "durationMS": 0.8313000202178955, "detail": "" } },
{ "pid": 1, "tid": 1, "ts": 10324790.0390625, "dur": 1589.300036430359, "ph": "X", "name": "Events", "args": { "durationMS": 1.5893000364303589, "detail": "" } },
{ "pid": 1, "tid": 1, "ts": 10326378.90625, "dur": 2976.900100708008, "ph": "X", "name": "Properties", "args": { "durationMS": 2.976900100708008, "detail": "" } },
{ "pid": 1, "tid": 1, "ts": 10329356.4453125, "dur": 25025.60043334961, "ph": "X", "name": "Methods", "args": { "durationMS": 25.02560043334961, "detail": "" } },
{ "pid": 1, "tid": 1, "ts": 10354382.8125, "dur": 603.5000085830688, "ph": "X", "name": "Parameter Default Values", "args": { "durationMS": 0.6035000085830688, "detail": "" } },
{ "pid": 1, "tid": 1, "ts": 10354987.3046875, "dur": 871.399998664856, "ph": "X", "name": "Field Default Values", "args": { "durationMS": 0.871399998664856, "detail": "" } },
{ "pid": 1, "tid": 1, "ts": 10356162.109375, "dur": 408.80000591278076, "ph": "X", "name": "Field Marshaled Sizes", "args": { "durationMS": 0.40880000591278076, "detail": "" } },
{ "pid": 1, "tid": 1, "ts": 10356571.2890625, "dur": 5643.3000564575195, "ph": "X", "name": "Parameters", "args": { "durationMS": 5.6433000564575195, "detail": "" } },
{ "pid": 1, "tid": 1, "ts": 10362214.84375, "dur": 3467.2999382019043, "ph": "X", "name": "Fields", "args": { "durationMS": 3.4672999382019043, "detail": "" } },
{ "pid": 1, "tid": 1, "ts": 10365682.6171875, "dur": 858.5000038146973, "ph": "X", "name": "Generic Parameters", "args": { "durationMS": 0.8585000038146973, "detail": "" } },
{ "pid": 1, "tid": 1, "ts": 10366541.015625, "dur": 353.70001196861267, "ph": "X", "name": "Generic Parameter Constraints", "args": { "durationMS": 0.35370001196861267, "detail": "" } },
{ "pid": 1, "tid": 1, "ts": 10366895.5078125, "dur": 842.8000211715698, "ph": "X", "name": "Generic Containers", "args": { "durationMS": 0.8428000211715698, "detail": "" } },
{ "pid": 1, "tid": 1, "ts": 10368329.1015625, "dur": 893.1999802589417, "ph": "X", "name": "VTables", "args": { "durationMS": 0.8931999802589417, "detail": "" } },
{ "pid": 1, "tid": 1, "ts": 10369222.65625, "dur": 922.6999878883362, "ph": "X", "name": "Interface Offsets", "args": { "durationMS": 0.9226999878883362, "detail": "" } },
{ "pid": 1, "tid": 1, "ts": 10370145.5078125, "dur": 21892.7001953125, "ph": "X", "name": "Type Definitions", "args": { "durationMS": 21.8927001953125, "detail": "" } },
{ "pid": 1, "tid": 1, "ts": 10392040.0390625, "dur": 2862.499952316284, "ph": "X", "name": "Images", "args": { "durationMS": 2.862499952316284, "detail": "" } },
{ "pid": 1, "tid": 1, "ts": 10394902.34375, "dur": 1202.3999691009521, "ph": "X", "name": "Assemblies", "args": { "durationMS": 1.2023999691009521, "detail": "" } },
{ "pid": 1, "tid": 1, "ts": 10396105.46875, "dur": 502.79998779296875, "ph": "X", "name": "Metadata Usage Lists", "args": { "durationMS": 0.5027999877929688, "detail": "" } },
{ "pid": 1, "tid": 1, "ts": 10396609.375, "dur": 1196.0999965667725, "ph": "X", "name": "Metadata Usage Pairs", "args": { "durationMS": 1.1960999965667725, "detail": "" } },
{ "pid": 1, "tid": 1, "ts": 10398292.96875, "dur": 957.7000141143799, "ph": "X", "name": "Attribute Types Ranges", "args": { "durationMS": 0.9577000141143799, "detail": "" } },
{ "pid": 1, "tid": 1, "ts": 10399251.953125, "dur": 359.20000076293945, "ph": "X", "name": "Attribute Types", "args": { "durationMS": 0.35920000076293945, "detail": "" } },
{ "pid": 1, "tid": 1, "ts": 10399801.7578125, "dur": 620.5000281333923, "ph": "X", "name": "Unresolved Virtual Call Parameter Ranges", "args": { "durationMS": 0.6205000281333923, "detail": "" } },
{ "pid": 1, "tid": 1, "ts": 10400726.5625, "dur": 762.3999714851379, "ph": "X", "name": "Exported Types", "args": { "durationMS": 0.7623999714851379, "detail": "" } },
{ "pid": 1, "tid": 1, "ts": 10402833.0078125, "dur": 992.9999709129333, "ph": "X", "name": "CompletionPhase", "args": { "durationMS": 0.9929999709129333, "detail": "" } }
],
"meta_datetime": "01/20/2021 12:38:21",
"meta_command_line": "\"C:\\Program Files\\Unity\\Hub\\Editor\\2020.1.9f1\\Editor\\Data\\il2cpp\\build\\deploy\\netcoreapp3.0\\il2cpp.dll\" --convert-to-cpp --emit-null-checks --enable-array-bounds-check --dotnetprofile=unityaot --incremental-g-c-time-slice=3 --avoid-dynamic-library-copy --profiler-report \"--map-file-parser=C:/Program Files/Unity/Hub/Editor/2020.1.9f1/Editor/Data/Tools/MapFileParser/MapFileParser.exe\" \"--directory=D:/school things/Github/GianlucaAmatoMSD42BAssignment/HomeAssignment/CarGame/Temp/StagingArea/Data/Managed\" \"--generatedcppdir=D:/school things/Github/GianlucaAmatoMSD42BAssignment/HomeAssignment/CarGame/Temp/il2cppOutput/il2cppOutput\"",
"meta_command_line_args": "C:\\Program Files\\Unity\\Hub\\Editor\\2020.1.9f1\\Editor\\Data\\il2cpp\\build\\deploy\\netcoreapp3.0\\il2cpp.dll --convert-to-cpp --emit-null-checks --enable-array-bounds-check --dotnetprofile=unityaot --incremental-g-c-time-slice=3 --avoid-dynamic-library-copy --profiler-report --map-file-parser=C:/Program Files/Unity/Hub/Editor/2020.1.9f1/Editor/Data/Tools/MapFileParser/MapFileParser.exe --directory=D:/school things/Github/GianlucaAmatoMSD42BAssignment/HomeAssignment/CarGame/Temp/StagingArea/Data/Managed --generatedcppdir=D:/school things/Github/GianlucaAmatoMSD42BAssignment/HomeAssignment/CarGame/Temp/il2cppOutput/il2cppOutput",
"meta_user_name": "gianl",
"meta_os_version": "Microsoft Windows NT 6.2.9200.0",
"meta_cpu_count": "12"}
